VIN (V),Freq (Hz),VOUT(V),Period (sec),Time Shift,Phase Shift (degree)
8,10,0,0.1,25000,90
8,30,0.14,0.033333333,9000,97.2
8,100,.49,0.01,2480,89.28
8,300,1.4,0.003333333,760,82.08
8,1000,5.28,0.001,116,41.76
8,3000,4.56,0.000333333,46,49.68
8,10000,1.28,0.0001,23,82.8
8,30000,0.4,3.33333E-05,8.6,92.88
8,100000,0.074,0.00001,2.4,86.4
8,300000,0.5,3.33333E-06,0.92,99.36
