VIN (V),Freq (Hz),VOUT(V),Period (sec),Time Shift (micro s),Phase Shift (degree)
8,10,8,0.1,0,0
8,30,8,0.033333333,0,0
8,100,7.8,0.01,0,0
8,300,7,0.003333333,120,12.96
8,1000,6.6,0.001,88,31.68
8,3000,3.6,0.000333333,64,69.12
8,10000,1.2,0.0001,24,86.4
8,30000,0.48,3.33333E-05,8,86.4
8,100000,0.15,0.00001,2.2,79.2
8,300000,0.074,3.33333E-06,0.48,51.84
